{
    "saved_data_path": "plots_data/large_scale_data_initWa_V_log2_train.json",
    "enable_zoom": true,
    "start_snr": -5,
    "end_snr": 5,
    "zoomed_in_start_snr": 1.65,
    "zoomed_in_end_snr": 2.15,
    "zoomed_in_min_rate": 5.5,
    "zoomed_in_max_rate": 5.75,
    "snr": [
        -5,
        -4,
        -3,
        -2,
        -1,
        0,
        1,
        2,
        3,
        4,
        5
    ],
    "models": {
        "$dW_a$ Approx | $dW_{d.b}$ Approx | $\\mu$ Matrix (APGA)": {
            "avg_sum_rate_per_snr": {
                "-5": 1.6452183723449707,
                "-4": 2.110262711842855,
                "-3": 2.6353912353515625,
                "-2": 3.205622990926107,
                "-1": 3.8055874506632485,
                "0": 4.423405647277832,
                "1": 5.053293863932292,
                "2": 5.692012786865234,
                "3": 6.337985992431641,
                "4": 6.989717483520508,
                "5": 7.645437876383464
            },
            "std_sum_rate_per_snr": {
                "-5": 0.04598592221736908,
                "-4": 0.05854359765847524,
                "-3": 0.07111246387163798,
                "-2": 0.08136296768983205,
                "-1": 0.08848246932029724,
                "0": 0.09269989530245464,
                "1": 0.09522327780723572,
                "2": 0.09716076652208964,
                "3": 0.09898491700490315,
                "4": 0.10025845964749654,
                "5": 0.1014062762260437
            },
            "label": "$dW_a$ Approx | $dW_{d.b}$ Approx | $\\mu$ Matrix (APGA)",
            "marker": "x"
        },
        "$\\mu$ Scalar": {
            "avg_sum_rate_per_snr": {
                "-5": 1.6165420214335124,
                "-4": 2.0803375244140625,
                "-3": 2.614430586496989,
                "-2": 3.20438289642334,
                "-1": 3.82829221089681,
                "0": 4.466484387715657,
                "1": 5.104749361673991,
                "2": 5.737636566162109,
                "3": 6.362963358561198,
                "4": 6.981186548868815,
                "5": 7.595772425333659
            },
            "std_sum_rate_per_snr": {
                "-5": 0.047215476632118225,
                "-4": 0.061057910323143005,
                "-3": 0.07681227723757426,
                "-2": 0.09297702709833781,
                "-1": 0.1045672098795573,
                "0": 0.1105298896630605,
                "1": 0.11153161525726318,
                "2": 0.10968178510665894,
                "3": 0.10529570778210957,
                "4": 0.10032997528711955,
                "5": 0.09577183922131856
            },
            "label": "$\\mu$ Scalar",
            "marker": "o"
        },
        "Classic PGA": {
            "avg_sum_rate_per_snr": {
                "-5": 1.649112860361735,
                "-4": 2.107826073964437,
                "-3": 2.62650998433431,
                "-2": 3.1918919881184897,
                "-1": 3.7876981099446616,
                "0": 4.40338134765625,
                "1": 5.032565434773763,
                "2": 5.6719614664713545,
                "3": 6.318586985270183,
                "4": 6.970458348592122,
                "5": 7.626445134480794
            },
            "std_sum_rate_per_snr": {
                "-5": 0.04496936500072479,
                "-4": 0.057652865846951805,
                "-3": 0.07075142860412598,
                "-2": 0.08164833982785542,
                "-1": 0.08861527840296428,
                "0": 0.09297437469164531,
                "1": 0.09577449162801106,
                "2": 0.09765271345774333,
                "3": 0.0993131697177887,
                "4": 0.10041184226671855,
                "5": 0.10131962100664775
            },
            "label": "Classic PGA",
            "marker": "^",
            "iter_num_max_sum_rate": {
                "-5": 82,
                "-4": 75,
                "-3": 69,
                "-2": 62,
                "-1": 55,
                "0": 49,
                "1": 44,
                "2": 41,
                "3": 39,
                "4": 38,
                "5": 37
            }
        }
    }
}