{
    "saved_data_path": "plots_data/small_scale_data_initWa_V_log2_train.json",
    "enable_zoom": true,
    "start_snr": -5,
    "end_snr": 5,
    "zoomed_in_start_snr": 2,
    "zoomed_in_end_snr": 4,
    "zoomed_in_min_rate": 4,
    "zoomed_in_max_rate": 5,
    "snr": [
        -5,
        -4,
        -3,
        -2,
        -1,
        0,
        1,
        2,
        3,
        4,
        5
    ],
    "models": {
        "$dW_a$ Approx | $dW_{d.b}$ Approx | $\\mu$ Matrix (APGA)": {
            "avg_sum_rate_per_snr": {
                "-5": 0.9958956241607666,
                "-4": 1.3267520268758137,
                "-3": 1.7253408432006836,
                "-2": 2.187425136566162,
                "-1": 2.7019125620524087,
                "0": 3.254302660624186,
                "1": 3.8268680572509766,
                "2": 4.411154111226399,
                "3": 4.998669306437175,
                "4": 5.556056976318359,
                "5": 6.1411997477213545
            },
            "std_sum_rate_per_snr": {
                "-5": 0.06781928737958272,
                "-4": 0.0833046684662501,
                "-3": 0.10423655311266582,
                "-2": 0.12643739581108093,
                "-1": 0.14900319774945578,
                "0": 0.16796618700027466,
                "1": 0.1835400660832723,
                "2": 0.19070653120676676,
                "3": 0.20310364166895548,
                "4": 0.20934309562047324,
                "5": 0.24079596996307373
            },
            "label": "$dW_a$ Approx | $dW_{d.b}$ Approx | $\\mu$ Matrix (APGA)",
            "marker": "x"
        },
        "$dW_a$ Approx | $\\mu$ Matrix": {
            "avg_sum_rate_per_snr": {
                "-5": 1.037613312403361,
                "-4": 1.4089630444844563,
                "-3": 1.8467346827189128,
                "-2": 2.337024370829264,
                "-1": 2.871267636617025,
                "0": 3.437524159749349,
                "1": 4.024681727091472,
                "2": 4.619393984476726,
                "3": 5.208264032999675,
                "4": 5.782869974772136,
                "5": 6.3312937418619795
            },
            "std_sum_rate_per_snr": {
                "-5": 0.0661177933216095,
                "-4": 0.08417486151059468,
                "-3": 0.10240620374679565,
                "-2": 0.12322919567426045,
                "-1": 0.13894206285476685,
                "0": 0.15740067760149637,
                "1": 0.17052892843882242,
                "2": 0.17845378319422403,
                "3": 0.17929043372472128,
                "4": 0.18451035022735596,
                "5": 0.1841232180595398
            },
            "label": "$dW_a$ Approx | $\\mu$ Matrix",
            "marker": "*"
        },
        "$\\mu$ Matrix": {
            "avg_sum_rate_per_snr": {
                "-5": 0.9903440475463867,
                "-4": 1.325240691502889,
                "-3": 1.7342885335286458,
                "-2": 2.2112221717834473,
                "-1": 2.7446006139119468,
                "0": 3.3142830530802407,
                "1": 3.9051742553710938,
                "2": 4.5010881423950195,
                "3": 5.085674285888672,
                "4": 5.662220001220703,
                "5": 6.201182047526042
            },
            "std_sum_rate_per_snr": {
                "-5": 0.06839560468991597,
                "-4": 0.08493754267692566,
                "-3": 0.10881482561429341,
                "-2": 0.13691558440526327,
                "-1": 0.16037031014760336,
                "0": 0.1788500944773356,
                "1": 0.19040550788243613,
                "2": 0.19761639833450317,
                "3": 0.19648263851801553,
                "4": 0.19896332422892252,
                "5": 0.1920082171758016
            },
            "label": "$\\mu$ Matrix",
            "marker": "o"
        },
        "$dW_a$ Approx | $dW_{d.b}$ Approx | $\\mu$ Scalar": {
            "avg_sum_rate_per_snr": {
                "-5": 0.9468927383422852,
                "-4": 1.2602829138437908,
                "-3": 1.637901782989502,
                "-2": 2.0768672625223794,
                "-1": 2.5694573720296225,
                "0": 3.0991331736246743,
                "1": 3.654468536376953,
                "2": 4.21800422668457,
                "3": 4.781120618184407,
                "4": 5.3390687306722,
                "5": 5.894990921020508
            },
            "std_sum_rate_per_snr": {
                "-5": 0.06571135421593984,
                "-4": 0.08171098430951436,
                "-3": 0.10082901517550151,
                "-2": 0.12186441818873088,
                "-1": 0.14596012234687805,
                "0": 0.16560593247413635,
                "1": 0.17920549710591635,
                "2": 0.19158806403477988,
                "3": 0.20548741022745767,
                "4": 0.2142491340637207,
                "5": 0.21616570154825845
            },
            "label": "$dW_a$ Approx | $dW_{d.b}$ Approx | $\\mu$ Scalar",
            "marker": ","
        },
        "$dW_a$ Approx | $\\mu$ Scalar": {
            "avg_sum_rate_per_snr": {
                "-5": 0.9437862237294515,
                "-4": 1.253259499867757,
                "-3": 1.6301344235738118,
                "-2": 2.0728933016459146,
                "-1": 2.5752854347229004,
                "0": 3.124039649963379,
                "1": 3.7018089294433594,
                "2": 4.291582107543945,
                "3": 4.880147616068522,
                "4": 5.459943135579427,
                "5": 6.035189310709636
            },
            "std_sum_rate_per_snr": {
                "-5": 0.06531777481238048,
                "-4": 0.08289577563603719,
                "-3": 0.10245306293169658,
                "-2": 0.12694579362869263,
                "-1": 0.15404309829076132,
                "0": 0.17921696106592813,
                "1": 0.19773552815119425,
                "2": 0.21099944909413657,
                "3": 0.21838800112406412,
                "4": 0.22260640064875284,
                "5": 0.23688189188639322
            },
            "label": "$dW_a$ Approx | $\\mu$ Scalar",
            "marker": "+"
        },
        "$\\mu$ Scalar": {
            "avg_sum_rate_per_snr": {
                "-5": 0.9373284975687662,
                "-4": 1.2475737730662029,
                "-3": 1.6244417826334636,
                "-2": 2.0692667961120605,
                "-1": 2.5735831260681152,
                "0": 3.1204989751180015,
                "1": 3.696201960245768,
                "2": 4.293184280395508,
                "3": 4.890028953552246,
                "4": 5.4786732991536455,
                "5": 6.056463877360026
            },
            "std_sum_rate_per_snr": {
                "-5": 0.06622640788555145,
                "-4": 0.08221768339474995,
                "-3": 0.10157916943232219,
                "-2": 0.12805702288945517,
                "-1": 0.1536569893360138,
                "0": 0.17727861801783243,
                "1": 0.19901142517725626,
                "2": 0.2105944554011027,
                "3": 0.22341450055440268,
                "4": 0.22332469622294107,
                "5": 0.23014706373214722
            },
            "label": "$\\mu$ Scalar",
            "marker": "o"
        },
        "Classic PGA": {
            "avg_sum_rate_per_snr": {
                "-5": 0.9419962565104166,
                "-4": 1.2511560916900635,
                "-3": 1.6262400945027669,
                "-2": 2.0651564598083496,
                "-1": 2.556126276652018,
                "0": 3.0883140563964844,
                "1": 3.6581023534139,
                "2": 4.247966448465983,
                "3": 4.836631139119466,
                "4": 5.443967183430989,
                "5": 6.065793355305989
            },
            "std_sum_rate_per_snr": {
                "-5": 0.06620553135871887,